Sample,Type,B1-Life,1st_Discharge,1st_Charge,1st_IR,1st_Temp,Discharge2-1,Charge2-1,IR2-1,Temp2-1,Discharge5-1,Charge5-1,IR5-1,Temp5-1,Discharge10-1,Charge10-1,IR10-1,Temp10-1,Discharge20-1,Charge20-1,IR20-1,Temp20-1,Discharge50-1,Charge50-1,IR50-1,Temp50-1,Discharge100-1,Charge100-1,IR100-1,Temp100-1
2018-04-12-39,High,1935,1.0692,1.0687,0.016,34.5454,0.0009,0.0011,0,0.0063,0.0023792,0.0026911,-9.2593E-05,-0.048904,0.0031419,0.0035827,-0.000121324,-0.159188,0.0032981,0.0037058,-0.000191764,0.065487,0.0029,0.0033,-0.0002,0.2824,0.0018695,0.0021801,-0.000127864,0.334435
2018-04-12-8,High,1836,1.0665,1.0659,0.0156,32.7598,0.001,0.0009,-1.00E-04,-0.0487,0.0024943,0.0029146,-1.35E-04,-0.130634,0.0037851,0.0043126,-0.000158312,-0.107724,0.0031946,0.0048963,-0.000205562,0.016852,0.0039,0.0045,-0.0002,0.2039,0.0019743,0.0037391,-9.9862E-05,-0.049385
2018-04-12-46,High,1801,1.0688,1.0685,0.0158,32.6151,0.0007,0.0007,-0.0001,-0.0317,0.0018183,0.0019417,-0.000120965,-0.07823,0.0025308,0.0026632,-0.000144136,-0.092447,0.0028513,0.0031029,-0.000195884,0.056251,0.0033,0.0035,-0.0002,0.2486,0.0023251,0.0024304,-0.000137529,0.109725
2018-04-12-43,High,1642,1.0657,1.065,0.0164,32.6613,0.0012,0.0015,0,0.0315,0.0028903,0.0035196,-0.000077166,0.019685,0.003422,0.0040745,-0.000102615,-0.02942,0.0039729,0.0046495,-0.000194956,0.139488,0.0042,0.0049,-0.0002,0.3333,0.0032646,0.0039815,-0.000585411,0.962523
2018-04-12-17,High,1638,1.0606,1.0591,0.0155,34.8647,0.0004,0.0002,0,-0.0363,0.001938,0.0033719,-0.000113906,-0.081668,0.0029999,0.004555,-0.000168125,-0.123771,0.0036147,0.0051254,-0.000190143,-0.055754,0.0034,0.0048,-0.0002,0.1263,0.0019579,0.0033835,-0.000166999,0.131532
2018-04-12-38,High,1390,1.0489,1.0451,0.015,35.1203,-0.0023,0.0003,-1.00E-04,0.2899,-0.00078,0.002594,-1.26E-04,-0.181554,-0.0001496,0.0036168,-0.000233643,-0.236596,0.000387,0.0039347,-0.000245551,-0.162992,0.0010,0.0045,-0.0002,0.0216,-0.0005039,0.0030449,-0.000208768,0.027909
2018-04-12-18,High,1315,1.0653,1.0638,0.0156,34.856,0.0012,0.0012,-1.00E-04,-0.009,0.0028428,0.003381,-1.32E-04,-0.056728,0.0036212,0.0043312,-0.000164472,-0.04462,-2.75E-05,-0.0001551,-0.000172449,0.004889,0.0021,0.0028,-0.0002,0.2167,0.0011585,0.0018723,-0.000237723,0.780112
2018-04-12-34,High,1284,1.0594,1.0593,0.0156,33.017,0.0009,0.0008,-1.00E-04,-0.012,0.0022887,0.002312,-1.68E-04,-0.070158,0.0030503,0.0032699,-0.000246094,-0.064639,0.0033549,0.0034717,-0.000249531,0.007656,0.0031,0.0031,-0.0003,0.1249,0.0015198,0.0016106,-0.000242787,0.142159
2018-04-12-3,High,1267,1.06,1.059,0.0149,36.0717,0.0008,0.0009,0,0.0699,0.0019584,0.002056,-0.00010064,-0.065975,0.0027875,0.0032621,-0.000310588,0.072578,0.0028061,0.0031527,-0.00022851,0.207396,0.0024,0.0028,-0.0002,0.5156,0.0006135,0.001109,-0.00042288,1.342259
2017-05-12-5,High,1227,1.0784,1.0785,0.0168,31.6591,0.0006,0.0004,-1.00E-04,0.0231,0.0023526,0.0021787,-1.16E-04,-0.00036,0.0035838,0.0034266,-0.000161453,-0.002466,0.0044415,0.0042117,-0.000108904,-0.315668,0.0051,0.0049,-0.0002,-0.2425,0.0041965,0.0039027,-4.874E-05,-0.261001
2017-05-12-4,High,1226,1.0797,1.0793,0.0164,30.2456,0.0015,0.0014,-0.0001,0.0678,0.003412,0.0033956,-0.000108214,0.086101,0.0046241,0.0046198,-0.000181274,-0.050979,0.0052816,0.0052698,-7.1093E-05,-0.42223,0.0060,0.0060,-0.0001,-0.3272,0.0049678,0.0049643,1.389E-05,-0.44845
2017-05-12-1,High,1190,1.0707,1.071,0.0167,31.875,0.0012,0.0007,0,0.0565,0.0028761,0.0024913,-7.6618E-05,0.086062,0.0040814,0.0036447,-0.000135169,-0.063618,0.0058469,0.00426,-0.000120998,-0.314337,0.0060,0.0056,-0.0001,-0.2475,0.0051415,0.0043505,-5.0087E-05,-0.315878
2017-05-12-2,High,1179,1.0753,1.0751,0.017,31.6688,0.0013,0.0013,0,0.0539,0.003244,0.0032504,-0.000140822,0.098431,0.0047153,0.0046709,-0.00011084,-0.066841,0.0065721,0.0065178,-0.000151508,-0.39117,0.0064,0.0065,-0.0001,-0.2636,0.0053502,0.0053007,4.933E-06,-0.459746
2017-05-12-3,High,1177,1.0799,1.0798,0.0169,31.8254,0.0014,0.0013,-1.00E-04,0.0501,0.0031303,0.0029514,-2.36E-04,0.14443,0.0040587,0.0039057,-0.000192162,-0.049706,0.0056353,0.0054153,-0.000207514,-0.409774,0.0059,0.0058,-0.0002,-0.2498,0.0050447,0.0048831,-4.1456E-05,-0.463244
2018-04-12-35,High,1158,1.0602,1.0599,0.0155,35.5876,0.0013,0.0011,-1.00E-04,0.0253,0.0029043,0.0029874,-1.53E-04,-0.027214,0.0038321,0.0041621,-0.000191632,-0.025519,0.0039557,0.0043151,-0.000240526,0.061898,0.0034,0.0037,-0.0002,0.2170,0.0013493,0.0015514,-0.000168067,0.33213
2018-04-12-40,High,1156,1.0464,1.0461,0.0157,33.8089,0.001,0.0007,0,0.0072,0.0025986,0.0025751,-8.8364E-05,-0.030439,0.0040172,0.0040679,-0.000104473,-0.039411,0.004902,0.0050436,-0.000177049,0.026584,0.0047,0.0049,-0.0001,0.0363,0.0031038,0.0032255,-0.00011457,0.196397
2018-04-12-20,High,1155,1.0706,1.0698,0.0156,34.9547,0.0013,0.0014,0,0.0044,0.0027607,0.0032226,-9.3136E-05,-0.064285,0.0032823,0.0039392,-0.000133635,-0.151653,0.0031954,0.0037654,-0.000174291,-0.027053,0.0025,0.0029,-0.0001,0.2005,0.0002553,0.0007425,-0.000086694,0.25173
2018-04-12-19,High,1146,1.0675,1.0666,0.0151,35.1045,0.0005,0.0013,0,0.0099,0.0018455,0.002356,-5.5517E-05,-0.015315,0.0025043,0.0032206,-9.0258E-05,-0.089999,0.0024589,0.0032289,-0.000120029,0.049364,0.0017,0.0024,-0.0001,0.2368,-0.0004985,0.0003243,-3.9254E-05,0.329397
2018-04-12-4,High,1115,1.0623,1.0614,0.0149,36.337,0.0006,0.0008,1.00E-04,-0.1819,0.0020547,0.0021325,3.68E-05,-0.087005,0.0028054,0.0030441,5.1255E-05,-0.290781,0.0030681,0.0032585,5.8518E-05,-0.271459,0.0028,0.0030,0.0001,-0.2887,0.0012946,0.0014984,0.000162672,-0.168164
2018-04-12-36,High,1093,1.0626,1.062,0.0155,35.3096,0.0008,0.001,0,0.0202,0.0018418,0.002202,-7.5612E-05,-0.008204,0.0026138,0.0031754,-0.000114932,-0.049005,0.0027374,0.0031956,-0.000126048,0.075807,0.0022,0.0027,-0.0002,0.2712,0.0006331,0.0010587,-8.5485E-05,0.347436
2018-04-12-11,High,1078,1.0609,1.0587,0.0155,32.4696,0.0009,0.0024,1.00E-04,-0.0276,0.0023553,0.0042809,-3.28E-05,-0.065291,0.0034069,0.0053634,-0.000114567,-0.079311,0.0038759,0.0057908,-0.000151899,-0.005091,0.0040,0.0060,-0.0002,0.2004,0.0014909,0.0047496,-9.2862E-05,0.03195
2017-05-12-6,High,1074,1.0761,1.0761,0.0164,30.9986,0.0006,0.0005,0,0.0044,0.0029976,0.0028577,-0.000113157,0.02141,0.0042552,0.0041398,-0.000173194,0.006559,0.0041811,0.0039563,-0.000153186,-0.223019,0.0049,0.0047,-0.0001,-0.2022,0.0035983,0.0034255,-8.6846E-05,-0.179599
2018-04-12-2,High,1063,1.0642,1.0635,0.0152,34.6654,0.0009,0.0008,0,-0.0243,0.0030238,0.0032428,-0.000138372,-0.059921,0.004062,0.0044641,-0.000239631,-0.054399,0.0041461,0.0044785,-0.000265575,0.003167,0.0039,0.0042,-0.0002,0.1954,0.0022777,0.0025211,-0.000140789,0.247558
2017-06-30-10,High,1061,1.0296,1.0263,0.017,32.9249,0.0021,0.0036,-0.0002,-0.2017,0.0047114,0.007214,-7.3313E-05,0.136987,0.0059525,0.0088796,-6.4944E-05,-0.171467,0.0062702,0.0091877,-6.2895E-05,0.190339,0.0060,0.0090,0.0001,-0.4124,0.0052208,0.008135,9.5407E-05,-0.163958
2017-05-12-10,High,1054,1.083,1.0819,0.017,32.6311,0.0007,0.0012,-0.0001,-0.0476,0.0022641,0.0028108,-0.000103188,-0.028298,0.003799,0.004301,-0.000171547,-0.017251,0.0046187,0.005477,-0.000221292,-0.134597,0.0051,0.0060,-0.0001,-0.0623,0.0046603,0.005481,-4.6748E-05,0.03321
2017-05-12-42,High,1051,1.079,1.0794,0.0169,33.0092,0.0013,0.0012,-1.00E-04,-0.0183,0.0030209,0.0028885,-1.48E-04,-0.033632,0.0039428,0.0037581,-0.000236354,0.07778,0.0041165,0.0038484,-0.000205285,-0.081669,0.0046,0.0043,-0.0002,0.6591,0.0031489,0.0027321,-7.2042E-05,0.094351
2018-04-12-5,High,1048,1.0717,1.0711,0.0153,32.024,0.0008,0.0008,-1.00E-04,-0.0147,0.0020818,0.002372,-1.27E-04,-0.008873,0.0028391,0.0031971,-0.000150843,-0.136937,0.0030868,0.0032688,-0.000209362,0.069347,0.0033,0.0035,-0.0002,0.2005,0.0021586,0.0023841,-0.000120492,0.079906
2018-04-12-44,High,1046,1.0692,1.0685,0.016,33.5603,0.001,0.0012,-0.0002,0.1991,0.0025107,0.0028793,-0.000211741,0.162798,0.0034073,0.0039493,-6.7993E-05,-0.082022,0.0039257,0.0044029,-3.7504E-05,-0.183942,0.0039,0.0044,-0.0001,0.0552,0.0032185,0.003755,-0.000301357,1.056595
2018-04-12-10,High,1039,1.0684,1.0676,0.0159,33.0459,0.0011,0.0012,0,-0.0464,0.0030244,0.0033763,-6.4553E-05,-0.121519,0.0043774,0.0049045,-0.000101247,-0.125748,0.0047698,0.0053765,-0.000148076,-0.025589,0.0047,0.0053,-0.0002,0.1924,0.0040456,0.0045829,-2.6173E-05,0.095492
2018-04-12-27,High,1028,1.071,1.0702,0.0157,35.5688,0.001,0.0013,0,0.0165,0.0027659,0.0031569,-6.9842E-05,-0.017659,0.0039502,0.0046345,-0.000111786,-0.065223,0.0044929,0.0051704,-0.000145103,0.084642,0.0044,0.0052,-0.0001,0.2774,0.003435,0.0040774,-4.9001E-05,0.288624
2017-05-12-25,High,1017,1.0745,1.0744,0.0167,33.3119,0.001,0.0009,-1.00E-04,-0.036,0.0024914,0.0025215,-1.06E-04,-0.011189,0.0034181,0.0034431,-0.000168495,0.015048,0.0038032,0.003741,-0.000169944,-0.007345,0.0041,0.0040,-0.0001,0.2200,0.0031454,0.0029299,-3.899E-06,0.155209
2017-05-12-24,High,1014,1.0793,1.0796,0.0169,31.902,0.0013,0.0011,0,-0.0243,0.0026774,0.0023932,-6.0712E-05,-0.022363,0.0035081,0.0031603,-0.000118463,-0.023863,0.0037039,0.0032767,-0.000133968,-0.03581,0.0042,0.0037,-0.0003,1.2087,0.0023643,0.0018328,2.3677E-05,0.105942
2018-04-12-1,High,1009,1.0666,1.0661,0.0154,32.1495,0.0009,0.0009,0,-0.0429,0.0024936,0.0025951,-9.1183E-05,-0.108353,0.0038191,0.0039208,-0.000150032,-0.073276,0.0042299,0.0043887,-0.000185476,-0.056763,0.0044,0.0044,-0.0002,0.1217,0.0028544,0.0030016,-0.000129457,0.028357
2018-04-12-23,High,1002,1.0551,1.0546,0.0159,34.4108,0.0012,0.0012,0,0.0185,0.0026407,0.0028813,-0.000137267,-0.037227,0.0034029,0.0037858,-0.000170442,-0.097732,0.0039943,0.0043323,-0.000242227,0.032843,0.0034,0.0038,-0.0002,0.2322,0.0018046,0.0021614,-0.000170208,0.36921
2018-04-12-26,High,989,1.0601,1.0596,0.0158,35.4789,0.001,0.0011,0,-0.0142,0.0028901,0.0029968,-0.000125789,-0.062354,0.0041061,0.004517,-0.000171433,-0.045156,0.0049194,0.005306,-0.000190158,-0.02134,0.0052,0.0055,-0.0002,0.2010,0.0042663,0.0045642,-9.7242E-05,0.180085
2017-06-30-9,High,982,1.0245,1.0205,0.0172,32.7034,0.002,0.0037,-1.00E-04,-0.2115,0.0049046,0.0076938,-1.30E-04,0.188809,0.0068256,0.0102022,9.383E-06,-0.653837,0.0072242,0.010852,8.6828E-05,-0.362871,0.0068,0.0104,0.0002,-0.7978,0.0060706,0.0098102,0.000229091,-0.726173
2017-05-12-41,High,966,1.0833,1.084,0.0168,33.4184,0.0013,0.0012,-1.00E-04,-0.0517,0.0030302,0.0026898,-1.46E-04,-0.069566,0.0039169,0.0035719,-0.000221206,0.03147,0.0041051,0.0036123,-0.000185755,-0.090059,0.0043,0.0038,-0.0002,0.5656,0.0024539,0.0018424,1.08E-06,0.065476
2018-04-12-45,High,940,1.0686,1.068,0.0157,33.2741,0.0011,0.0012,0,0.0001,0.0028406,0.0029924,-5.5005E-05,-0.06331,0.0041483,0.0044722,-9.2141E-05,-0.156869,0.0050459,0.0053722,-0.000168772,0.02829,0.0051,0.0055,-0.0002,0.1906,0.0043284,0.0046699,-8.279E-05,0.122268
2018-04-12-31,High,935,1.0675,1.0667,0.0158,32.2082,0.0012,0.0014,-0.0001,-0.0517,0.0030589,0.0034256,-0.000159946,-0.09545,0.0042069,0.0046642,-0.000221548,-0.015661,0.0046468,0.0050835,-0.000268165,0.000766,0.0046,0.0051,-0.0003,0.1281,0.0035108,0.0040169,-0.000181597,0.019481
2018-04-12-13,High,932,1.0732,1.0725,0.0162,33.1047,0.001,0.0012,-1.00E-04,-0.0147,0.0026239,0.0030165,-1.22E-04,-0.065874,0.0033386,0.0039661,-0.000136546,-0.114088,0.0036691,0.0041761,-0.000194555,0.062189,0.0034,0.0040,-0.0002,0.2684,0.0023343,0.0028022,-0.000100968,0.19206
2018-04-12-37,High,923,1.0574,1.0572,0.0153,35.6798,0.0001,0,0,0.0651,0.0015134,0.0014978,-0.000104694,0.023006,0.0026277,0.0027048,-0.000156286,-0.013176,0.0031863,0.0032841,-0.000202395,0.077484,0.0023,0.0023,-0.0002,0.2403,0.0003667,0.0004224,-0.000120439,0.324674
2017-05-12-30,High,917,1.0795,1.0796,0.0166,32.6111,0.0012,0.0012,0,0.0033,0.002624,0.0025387,-6.9669E-05,-0.04852,0.0033774,0.0032487,-0.000140608,0.041059,0.0037524,0.0034876,-0.000119904,-0.067857,0.0039,0.0036,-0.0001,0.5733,0.0023329,0.0019322,4.9306E-05,0.167904
2017-05-12-11,High,906,1.0753,1.0746,0.0166,33.4389,0.0009,0.0011,0,0.045,0.0026266,0.0026562,-0.000108144,0.064997,0.0044315,0.0044125,-0.00013144,-0.032893,0.0064965,0.0065632,-7.5855E-05,-0.35029,0.0072,0.0072,0.0000,-0.2846,0.0062996,0.0062684,7.6221E-05,-0.228444
2017-05-12-13,High,902,1.0776,1.0773,0.0166,33.3877,0.001,0.0011,-1.00E-04,0.0041,0.0025911,0.0025044,-1.26E-04,-0.038846,0.0037532,0.0036944,-0.00018031,0.001559,0.0045656,0.0044783,-0.00019157,-0.055289,0.0051,0.0050,-0.0002,0.0113,0.0042927,0.0042011,-7.0503E-05,0.120745
2017-05-12-14,High,897,1.0798,1.0798,0.0172,32.0204,0.0013,0.0012,-1.00E-04,0.0189,0.0029487,0.0027858,-1.41E-04,-0.023949,0.0040455,0.0038323,-0.000182371,0.009584,0.0047174,0.0045107,-0.00019971,-0.04692,0.0049,0.0047,-0.0002,0.0216,0.0038203,0.0035964,-5.9073E-05,0.053011
2017-05-12-23,High,891,1.0793,1.0795,0.0167,32.7523,0.0013,0.0012,0,0.002,0.0029772,0.0026699,-7.8546E-05,-0.014479,0.0038609,0.0034943,-0.000147313,0.015421,0.0042568,0.003822,-0.000161142,-0.094292,0.0047,0.0043,-0.0003,1.1016,0.0027323,0.0022297,-1.5749E-05,0.121184
2017-05-12-15,High,880,1.071,1.0702,0.0171,33.1877,0.0011,0.0012,0,0.0313,0.0029669,0.0030679,-6.8479E-05,0.063402,0.0044467,0.0045521,-0.000185904,0.043142,0.0047278,0.0046867,-0.000204568,-0.187704,0.0057,0.0058,-0.0001,-0.1838,0.0051763,0.0052621,-5.3874E-05,-0.132712
2017-05-12-9,High,879,1.09,1.0898,0.0168,32.0304,0.0013,0.0013,0,0.0448,0.0030603,0.0030046,-7.2865E-05,0.020945,0.0043236,0.0039655,-0.000119931,0.06051,0.0051148,0.0050339,-0.000135564,-0.03322,0.0052,0.0050,-0.0001,-0.0681,0.0041944,0.0040303,3.9497E-05,-0.00711
2017-05-12-32,High,876,1.0946,1.0947,0.017,30.3394,0.0013,0.0012,-0.0001,-0.0073,0.002881,0.0027066,-0.00014205,-0.029055,0.0036361,0.003329,-0.000189214,0.08128,0.0037334,0.0015704,-0.000191676,-0.091262,0.0027,0.0023,-0.0001,-0.0266,0.0007295,0.0002886,-4.1989E-05,-0.027128
2018-04-12-16,High,876,1.0678,1.067,0.0154,33.346,0.0006,0.0012,0,0.0018,0.0023469,0.0030077,-4.008E-05,-0.042125,0.0031045,0.0040098,-5.7506E-05,-0.199594,0.0032675,0.0040362,-0.000118455,0.103411,0.0032,0.0040,-0.0001,0.3166,0.0015594,0.0024052,-7.2824E-05,0.217596
2017-05-12-8,High,870,1.0939,1.0936,0.0163,32.1513,0.0012,0.0014,0,0.0028,0.0030613,0.0030837,-0.000113658,0.029803,0.0039453,0.0039255,-0.000133671,-0.031303,0.003646,0.0034937,-0.000145774,-0.231856,0.0036,0.0036,-0.0001,-0.2389,0.0018599,0.0017561,-2.6138E-05,-0.186955
2017-05-12-27,High,870,1.0877,1.088,0.0164,33.1042,0.0011,0.0012,-0.0001,-0.06,0.0025194,0.0025515,-0.000121629,-0.04774,0.003449,0.0033535,-0.000176171,0.046224,0.0036407,0.0034459,-0.00018367,-0.096455,0.0033,0.0031,-0.0001,0.1175,0.0017133,0.0012489,-1.5682E-05,0.07952
2017-05-12-17,High,862,1.0812,1.0806,0.0168,32.3819,0.0012,0.0012,0,-0.0018,0.0034543,0.0033037,-0.000114164,-0.030678,0.0047966,0.004817,-0.000145946,0.029444,0.0049309,0.004774,-0.000165009,-0.115753,0.0059,0.0059,-0.0001,-0.0704,0.005048,0.0051103,4.665E-06,0.014346
2017-05-12-29,High,860,1.0777,1.0773,0.0167,33.6656,0.0014,0.0013,0,-0.0071,0.0027075,0.0025997,-4.3478E-05,-0.026142,0.0033122,0.0030502,-0.000112055,0.039731,0.0034813,0.0031473,-0.000116634,-0.037193,0.0035,0.0031,-0.0001,0.5451,0.0019309,0.0015203,0.000100424,0.1962
2018-04-12-15,High,858,1.0716,1.0712,0.0157,33.0623,0.0011,0.0008,0,-0.0285,0.0037649,0.0033791,-9.3682E-05,-0.091391,0.0047183,0.0046365,-0.000117398,-0.181835,0.0055823,0.0055554,-0.00018532,0.014465,0.0061,0.0060,-0.0002,0.1908,0.0047919,0.0046883,-0.000108617,0.006367
2018-04-12-30,High,858,1.0652,1.0648,0.015,31.251,0.0012,0.0011,0,-0.0078,0.0032901,0.0032928,-7.4438E-05,-0.080567,0.0046459,0.0048762,-0.000106906,-0.213724,0.0056865,0.0059078,-0.00015594,-0.052588,0.0058,0.0062,-0.0002,0.1876,0.0044349,0.0047249,-0.000203225,0.013472
2017-05-12-18,High,857,1.0721,1.072,0.0168,31.9373,0.0012,0.0012,-1.00E-04,0.0519,0.0027942,0.0026828,-1.37E-04,-0.01509,0.002644,0.0037251,-0.000175898,0.01257,0.0049049,0.0047652,-0.000180543,-0.06324,0.0054,0.0053,-0.0001,0.0654,0.0048713,0.0046574,-6.488E-06,0.107064
2017-05-12-26,High,854,1.0752,1.0748,0.0167,33.7738,0.0011,0.001,0,0.0283,0.0023747,0.0021897,-8.8495E-05,0.012199,0.003398,0.0033057,-0.00016038,0.048659,0.0040434,0.0038924,-0.000155397,-0.02812,0.0043,0.0041,-0.0001,0.2797,0.0027946,0.0026021,-1.3324E-05,0.147085
2018-04-12-28,High,850,1.0593,1.0587,0.0151,35.1677,0.0011,0.0013,0,0.0429,0.0031913,0.0035762,-0.000123802,-0.040171,0.0045406,0.004974,-0.000189619,-0.04451,0.0048844,0.005283,-0.000223948,0.037581,0.0049,0.0053,-0.0002,0.2268,0.0034574,0.003931,-0.000126093,0.218871
2017-05-12-28,High,842,1.079,1.0795,0.0162,33.7979,0.0012,0.0011,-1.00E-04,-0.0198,0.0024734,0.0021858,-1.26E-04,0.028028,0.0034029,0.0030677,-0.00018158,0.088726,0.0037345,0.0032833,-0.000171689,-0.092806,0.0036,0.0030,-0.0001,0.1057,0.0020125,0.0014149,-6.942E-06,0.1378
2018-04-12-6,High,828,1.0501,1.0484,0.0154,35.22,0.0014,0.0018,0,0.0087,0.0030315,0.0040521,-8.2623E-05,0.010018,0.0035922,0.0048265,-0.000208338,-0.085642,0.0036277,0.004861,-0.000260392,0.024687,0.0034,0.0045,-0.0003,0.1944,0.0017515,0.0029389,-0.000193077,0.932687
2018-04-12-9,High,828,1.0637,1.0633,0.0155,32.9634,0.001,0.0011,-1.00E-04,-0.042,0.0028767,0.0031697,-1.56E-04,-0.101929,0.0042353,0.0046348,-0.00021226,-0.081842,0.0046903,0.0051954,-0.000257009,0.018994,0.0049,0.0053,-0.0003,0.2383,0.003326,0.0038186,-0.000234547,0.133049
2018-04-12-25,High,825,1.0452,1.0448,0.0158,34.6196,0.0011,0.0013,0,0.0128,0.0033005,0.003433,-0.000121848,-0.064525,0.0047612,0.005314,-0.000248058,-0.106609,0.0051913,0.0055938,-0.000283914,-0.068257,0.0057,0.0062,-0.0003,0.1138,0.004884,0.0053251,-0.000199367,0.139148
2018-04-12-12,High,817,1.0673,1.0665,0.0156,34.0741,0.0008,0.001,0,-0.0183,0.0022097,0.0028244,-3.7915E-05,-0.070564,0.0033047,0.0040258,-6.142E-05,-0.102266,0.0033683,0.00404,-0.000111691,0.050124,0.0029,0.0036,-0.0001,0.2837,0.0009998,0.0016744,-4.1476E-05,0.248169
2018-04-12-14,High,816,1.0642,1.0636,0.0153,33.8038,0.0014,0.0013,0,0.0257,0.0033212,0.003645,-0.000117876,0.159681,0.0047164,0.0052064,-0.000101817,-0.02598,0.0053937,0.0059059,-0.000128593,0.145518,0.0051,0.0056,-0.0002,0.4326,0.003106,0.0036287,-0.000194704,0.420149
2018-04-12-21,High,813,1.0638,1.0626,0.0154,33.007,0.0013,0.0015,0,-0.0382,0.0027587,0.0033782,-6.5522E-05,-0.081172,0.0037322,0.0044383,-0.000140238,-0.04703,0.0041505,0.0048144,-0.000168653,0.014354,0.0040,0.0047,-0.0002,0.2123,0.0026401,0.0033708,-6.6509E-05,0.10219
2018-04-12-41,High,796,1.0582,1.0574,0.0156,33.7904,0.0011,0.0011,0,-0.0233,0.0031143,0.0034102,-8.9182E-05,-0.075611,0.0050297,0.0054999,-0.000121247,-0.072005,0.0055759,0.0061227,-0.000175749,0.065394,0.0053,0.0059,-0.0002,0.3207,0.0035574,0.0041172,-0.000272386,0.548927
2017-05-12-12,High,788,1.0538,1.0529,0.0166,32.9394,0.0012,0.0015,0,0.1052,0.0032793,0.0035305,-0.000108721,0.077291,0.0044161,0.0047496,-0.000449812,0.029492,0.006404,0.0068351,-0.000454216,-0.259464,0.0070,0.0074,-0.0004,-0.2023,0.0061171,0.0064419,-0.00032937,-0.18922
2017-05-12-20,High,788,1.0851,1.0851,0.0164,32.9467,0.0012,0.0013,0,0.0255,0.0026784,0.0026502,-6.4967E-05,0.013763,0.0024366,0.0035695,-0.000135409,0.144647,0.0039421,0.0038969,-0.000112355,-0.052799,0.0037,0.0035,-0.0001,0.0321,0.0019329,0.0017815,-2.3156E-05,0.140636
2018-04-12-42,High,786,1.0492,1.0482,0.0186,33.5514,0.0013,0.0015,-1.00E-04,-0.0372,0.003355,0.0037146,-1.41E-04,-0.077693,0.0045622,0.0051267,-0.000283889,-0.106759,0.0052195,0.005827,-0.000330102,0.03791,0.0056,0.0062,-0.0007,0.1236,0.0049531,0.0055263,-0.000231422,0.126735
2018-04-12-22,High,772,1.0679,1.0677,0.0139,34.624,0,0,0,0.014,0.0003704,0.0003529,5.0136E-05,-0.033587,0.0007178,0.0007478,7.6241E-05,-0.072495,-0.0005922,-0.0006535,0.000114171,0.035753,-0.0056,-0.0056,0.0002,0.2846,-0.0140684,-0.0140023,0.000277526,0.533298
2017-05-12-34,High,757,1.0925,1.0925,0.0166,33.4882,0.0013,0.0012,-1.00E-04,0.0362,0.0030694,0.0028004,-1.11E-04,0.00523,0.0037515,0.0034404,-0.00016526,0.087898,0.0039094,0.0035619,-0.00016344,-0.033334,0.0035,0.0030,-0.0001,0.3704,0.0012191,0.0007448,-2.3527E-05,0.247562
2017-05-12-35,High,742,1.0766,1.0769,0.017,32.5548,0.0012,0.0011,-0.0001,-0.0208,0.002215,0.0020706,-0.000131215,-0.060018,0.0033509,0.0030901,-0.000190257,-0.028886,0.0039745,0.0036464,-0.000214892,-0.101177,0.0044,0.0040,-0.0003,0.7390,0.0028086,0.0020691,-5.0758E-05,0.176123
2017-05-12-33,High,731,1.0778,1.078,0.0162,32.9981,0.0012,0.001,0,0.0169,0.0026064,0.0022684,-5.8792E-05,-0.077661,0.0033299,0.0028762,-0.000110384,0.0071,0.0035408,0.0030668,-9.8275E-05,-0.044521,0.0032,0.0027,0.0000,0.1820,0.0015387,0.0009392,8.1344E-05,0.116528
2018-04-12-32,High,731,1.0675,1.0669,0.016,33.9316,0.0007,0.0008,0,0.0045,0.0024984,0.0028207,-0.000112104,-0.05326,0.0033563,0.0039408,-0.000137246,-0.122837,0.0039433,0.0045301,-0.00017769,-0.038249,0.0036,0.0042,-0.0002,0.1915,0.0023149,0.002841,-4.6349E-05,0.141798
2017-05-12-16,High,719,1.0611,1.0603,0.0172,33.1382,0.0016,0.0016,0,0.0375,0.0041857,0.0042307,-0.000220414,0.030293,0.0057538,0.0058865,-0.000499127,0.063923,0.0061472,0.0061941,-0.0004954,-0.126574,0.0073,0.0075,-0.0004,-0.0514,0.0065749,0.0066974,-0.000278506,-0.038746
2017-06-30-48,High,713,1.0383,1.0384,0.0179,32.2079,0.0038,0.0027,0,0.0092,0.0078055,0.0068843,-0.000252884,0.328213,0.0103518,0.0096705,-0.000485743,0.100846,0.0117526,0.0112982,-0.000651368,0.275803,0.0115,0.0109,-0.0007,0.1066,0.0087229,0.0082831,-0.000812898,0.145746
2017-05-12-31,High,709,1.0799,1.0801,0.0161,33.4296,0.0013,0.0012,-1.00E-04,0.0038,0.0026673,0.0024477,-1.13E-04,-0.032209,0.00358,0.0032621,-0.000174807,0.054671,0.0039182,0.001718,-0.000170977,-0.089114,0.0033,0.0029,-0.0001,0.0900,0.0014658,0.0009957,2.7832E-05,0.135155
2017-05-12-37,High,704,1.0778,1.078,0.0165,31.9349,0.0013,0.0011,-1.00E-04,-0.0097,0.0029844,0.0027011,-1.10E-04,0.008654,0.003859,0.0035527,-0.000171069,0.077158,0.0040619,0.0036499,-0.000155382,-0.041156,0.0043,0.0038,-0.0002,0.7097,0.0023983,0.0019239,7.6774E-05,0.11276
2017-05-12-36,High,703,1.0707,1.0712,0.0171,31.9609,0.0013,0.0011,-1.00E-04,0.0171,0.0028042,0.0024883,-1.44E-04,-0.002149,0.0035505,0.0031195,-0.000205781,0.0275,0.0040581,0.0035708,-0.000216288,-0.05603,0.0047,0.0042,-0.0003,0.8799,0.0032355,0.0026673,-1.758E-06,0.171203
2017-05-12-43,High,702,1.0799,1.0803,0.0168,33.4414,0.0014,0.0014,-1.00E-04,0.0072,0.0030167,0.0029328,-1.40E-04,-0.0358,0.0039147,0.0037614,-0.000219321,0.063152,0.0042161,0.003947,-0.000176969,-0.041147,0.0045,0.0042,-0.0001,0.5561,0.003303,0.0029572,6.2111E-05,0.200619
2017-05-12-19,High,691,1.0662,1.0658,0.0199,31.2946,0.0006,0.0009,0,0.0784,0.0021733,0.0024282,-1.3868E-05,0.041757,0.0021745,0.1321401,-1.3868E-05,0.026364,0.0039082,0.4071167,-1.3868E-05,0.025371,0.0026,0.0028,0.0000,-1.1479,-0.0017991,-0.001737,-0.004005637,1.060525
2018-04-12-7,High,667,1.062,1.0616,0.0135,34.0697,0.0006,0.0006,0,-0.0306,0.0010716,0.0011916,5.0496E-05,-0.028746,0.0004539,0.0007062,8.2986E-05,-0.135163,-0.0020589,-0.0018829,0.000152379,0.03771,-0.0082,-0.0082,0.0003,0.1577,-0.01822,-0.0181932,0.000347317,0.023817
2017-06-30-8,High,663,1.0219,1.0199,0.0171,31.9333,0.0014,0.0034,-0.0002,0.4424,0.0018931,0.003803,-0.000104395,0.453626,0.0015103,0.0031194,-0.00040844,-0.403063,-0.0002661,0.0016777,-0.000416517,0.144322,-0.0035,-0.0037,-0.0001,0.3474,-0.0113879,-0.0094732,0.000281825,-0.448137
2017-05-12-44,High,651,1.0682,1.0686,0.0161,33.3206,0.0012,0.0011,0,0.0085,0.0026795,0.0022795,-7.7428E-05,-0.033745,0.0033132,0.0029396,-0.000123694,-0.002436,0.0033381,0.002857,-9.4428E-05,-0.161837,0.0029,0.0024,-0.0001,0.5316,0.0005802,2.15E-05,0.000140412,0.043173
2017-05-12-38,High,648,1.0748,1.0751,0.0166,32.8349,0.0013,0.0011,0,-0.0086,0.0026544,0.0024251,-6.8782E-05,0.010023,0.0036283,0.0033566,-0.000145024,0.035145,0.0038675,0.0034657,-0.000143344,-0.070078,0.0042,0.0037,-0.0002,0.8379,0.0019663,0.0015037,8.076E-05,0.129524
2017-05-12-7,High,636,1.0758,1.0752,0.017,32.513,0.0015,0.0016,0,0.0253,0.0040916,0.0041256,-0.000164957,0.015701,0.0055106,0.0056398,-0.000302604,-0.067873,0.0059535,0.0059573,-0.000362962,-0.338144,0.0060,0.0061,-0.0003,-0.3356,0.0033765,0.0034927,-0.000332131,-0.249589
2017-05-12-40,High,625,1.0818,1.0821,0.0167,33.3566,0.0014,0.0013,0,-0.0056,0.0029878,0.0028563,-6.1583E-05,0.010382,0.0039193,0.0037279,-0.000108023,0.103973,0.0043219,0.0040828,-0.000115974,0.009112,0.0042,0.0038,0.0000,0.0556,0.002951,0.0026117,0.000139597,0.285788
2017-05-12-39,High,617,1.073,1.0734,0.0163,33.5206,0.001,0.0011,-1.00E-04,0.0069,0.0022445,0.0021012,-1.63E-04,-0.003877,0.0032513,0.0029669,-0.000196831,0.103988,0.0035978,0.0031896,-0.000203762,0.00151,0.0030,0.0027,-0.0001,0.0930,0.0019282,0.0015785,3.9099E-05,0.296789
2017-05-12-45,High,616,1.0848,1.0851,0.0174,32.4118,0.0013,0.0012,0,0.017,0.0028219,0.0026569,-2.568E-05,-0.068675,0.0034884,0.0032278,-0.000103798,0.041332,0.0034655,0.003167,-8.4728E-05,-0.040961,0.0024,0.0020,0.0000,0.3021,-6.4E-05,-0.000455,0.000191191,0.22196
2017-05-12-46,High,599,1.084,1.0841,0.0167,32.7765,0.0013,0.0012,0,0.0433,0.0027909,0.0026825,-9.1674E-05,-0.008264,0.0036058,0.003376,-0.000142398,0.076523,0.0038397,0.0035741,-0.000127774,-0.012794,0.0037,0.0033,0.0000,0.3803,0.001796,0.0014063,0.000142401,0.363249
2017-06-30-11,High,561,1.0651,1.0645,0.0184,32.9803,0.004,0.0034,-1.00E-04,-0.2071,0.0069686,0.0065732,-4.02E-04,0.084925,0.008099,0.0078852,-0.000442776,0.122563,0.0087108,0.0085619,-0.000596955,0.041685,0.0073,0.0072,-0.0007,0.5603,0.0019482,0.0018983,-0.000713585,0.260076
2017-05-12-22,High,559,1.0824,1.0816,0.0153,33.3927,0.0012,0.0012,0,0.0869,0.0027753,0.0026835,-0.000177572,0.086628,0.0033977,0.0033277,-0.000236248,-0.00642,0.0023108,0.0020861,-0.000190687,-0.355511,0.0009,0.0007,-0.0002,-0.2864,-0.0057884,-0.0059661,-0.00017339,-0.332656
2018-04-12-29,Low,541,1.0513,1.0512,0.0132,35.5116,0.0006,0.0006,0,-0.0017,0.0013985,0.0015159,-1.8959E-05,-0.112785,0.0011576,0.0013346,2.1229E-05,-0.179849,-0.0003962,-0.0002374,8.749E-05,-0.043365,-0.0062,-0.0061,0.0002,0.2393,-0.0172907,-0.0171981,0.000405327,0.418453
2017-06-30-37,Low,535,1.0754,1.0752,0.0204,32.9652,0.0043,0.0041,-0.0002,0.408,0.0064433,0.006241,-0.000348131,0.595364,0.0079874,0.0078725,-0.000278865,0.183026,0.0097196,0.0096165,-0.000325998,0.509643,0.0105,0.0104,-0.0002,0.3200,0.0098383,0.0097758,-8.4861E-05,0.674789
2017-05-12-21,Low,534,1.0726,1.0719,0.0157,32.4075,0.0011,0.0011,0,0.0385,0.0026697,0.0026264,-0.000200429,0.04619,0.0030773,0.0030729,-0.000350229,-0.059639,0.0015116,0.0014143,-0.00038768,-0.308056,-0.0017,-0.0017,-0.0005,-0.3773,-0.0115479,-0.011439,-0.000532476,-0.296899
2017-06-30-24,Low,527,1.0714,1.0714,0.0178,32.2469,0.0031,0.0028,1.00E-04,-0.3506,0.0055193,0.0053112,-1.68E-04,-0.235369,0.0065557,0.0063233,-0.000477236,-0.078239,0.0064863,0.0062498,-0.000584707,0.052246,0.0048,0.0046,-0.0007,-0.1270,2.35E-05,-0.0002491,-0.000748434,0.18153
2017-06-30-34,Low,520,1.0759,1.0758,0.0177,32.8583,0.0032,0.0031,0,-0.388,0.0060733,0.0062354,-0.00017315,-0.081276,0.0075111,0.0077106,-0.000200682,-0.13312,0.0086537,0.0088145,-0.000180291,0.160033,0.0093,0.0094,-0.0001,0.0833,0.0088911,0.0090359,9.4212E-05,0.416517
2017-06-30-33,Low,519,1.0712,1.0708,0.0177,33.2218,0.0031,0.0032,-1.00E-04,-0.5896,0.0061442,0.0067267,-8.93E-05,-0.343036,0.0075864,0.0078072,-0.000293095,-0.165776,0.0086937,0.0090985,-0.000182282,-0.084888,0.0095,0.0101,-0.0002,0.2437,0.0083146,0.0087352,5.5082E-05,-0.06431
2017-06-30-23,Low,513,1.0757,1.0757,0.0174,31.7336,0.004,0.0038,-1.00E-04,0.2555,0.0071061,0.0070557,-2.98E-04,0.414283,0.0081825,0.0080343,-0.000302093,0.132773,0.0091091,0.0090813,-0.000434106,0.2528,0.0092,0.0091,-0.0003,0.0943,0.0068431,0.0068242,-0.000406706,0.267356
2017-06-30-7,Low,511,1.0652,1.0648,0.017,32.6071,0.0035,0.0031,-0.0002,-0.0906,0.0061428,0.0056954,-0.000693577,0.475497,0.0072788,0.0069726,-0.000806962,0.188281,0.0065537,0.0063694,-0.001002609,0.585319,0.0010,0.0008,-0.0013,-0.2776,-0.0130008,-0.0129864,-0.001199924,-0.255317
2017-06-30-29,Low,509,1.0682,1.0682,0.0173,33.065,0.0034,0.0008,-1.00E-04,-0.5043,0.006073,0.0053298,-8.27E-05,-0.316521,0.0078785,0.0033975,-0.000263022,-0.166912,0.0091394,0.0002345,-0.000198667,-0.148605,0.0096,0.0095,-0.0003,0.1938,0.0077076,0.0078,-0.000151028,-0.114935
2017-06-30-21,Low,502,1.0787,1.0786,0.0177,32.4292,0.0044,0.0041,-0.0002,0.1515,0.0077058,0.0075241,-0.000512988,0.495362,0.0086606,0.0084129,-0.00019224,-0.017941,0.0099576,0.0097702,-0.000321897,0.305796,0.0103,0.0086,-0.0002,0.0687,0.0075604,0.0074709,-0.000251172,0.403248
2017-06-30-35,Low,499,1.065,1.0652,0.0178,33.1799,0.0039,0.0032,-1.00E-04,-0.0002,0.007331,0.0069631,-2.11E-04,0.273456,0.0086306,0.0083034,-0.000291579,-0.018075,0.0098718,0.0095477,-0.000303133,0.296792,0.0106,0.0102,-0.0002,0.2648,0.0096909,0.0093982,-0.000286147,0.455706
2017-06-30-41,Low,499,1.0736,1.072,0.0175,33.3722,0.003,0.0032,1.00E-04,-0.6551,0.0063356,0.0079217,-1.06E-04,-0.422913,0.0080238,0.0098599,-0.000322813,-0.303354,0.0089531,0.0107787,-0.000270279,-0.048086,0.0091,0.0110,-0.0004,-0.0421,0.0062434,0.0074256,-0.000387495,0.225021
2017-06-30-30,Low,498,1.0699,1.0701,0.0171,33.4194,0.0026,0.0021,0,-0.3714,0.0047225,0.0026082,-0.000118005,-0.077323,0.0063185,0.0056619,-0.000176464,-0.166071,0.007734,0.0070827,-0.000173318,0.081705,0.0092,0.0085,-0.0001,0.0128,0.0088998,0.0081884,8.566E-05,0.373252
2017-06-30-25,Low,495,1.064,1.0641,0.0174,29.9893,0.004,0.0036,0.0001,0.348,0.0072154,0.0068345,-3.9423E-05,0.617842,0.0070604,0.0067447,-0.000147905,-0.195908,0.0083301,0.0079903,-0.000457484,0.335831,0.0086,0.0083,-0.0003,-0.1944,0.0070108,0.0067427,-0.000171885,0.02209
2017-06-30-18,Low,494,1.0649,1.0653,0.0177,31.6505,0.0007,0.0014,1.00E-04,-1.0819,0.0073336,0.0062117,2.87E-04,-0.677324,0.0082639,0.007771,-0.000311855,-0.330306,0.0096831,0.0087398,-0.000254786,-0.10964,0.0110,0.0108,-0.0006,-0.2897,0.008937,0.0084398,-0.000424339,0.171909
2017-06-30-32,Low,492,1.0695,1.0696,0.0178,31.7192,0.0038,0.0032,-1.00E-04,-0.2063,0.0070644,0.0051935,-1.36E-04,-0.103755,0.0088074,0.0085277,-0.000327688,0.010923,0.009789,0.0095484,-0.000282387,0.037802,0.0105,0.0102,-0.0003,0.1149,0.0090081,0.0087761,-0.000148574,0.08878
2017-06-30-22,Low,489,1.0719,1.0717,0.018,32.2616,0.005,0.0047,-0.0003,0.4346,0.0081804,0.0081224,-0.000480722,0.647204,0.0087184,0.0086078,-0.000451016,0.080756,0.0098771,0.0098431,-0.000559759,0.387208,0.0086,0.0085,-0.0006,0.0240,0.0047457,0.0046689,-0.000603461,-0.06619
2017-06-30-19,Low,487,1.061,1.0614,0.0177,33.2482,0.0028,0.0024,-0.0002,-0.8731,0.0045496,0.0041494,-0.000385789,-0.586728,0.0059696,0.0055889,-0.000431767,-0.344589,0.0060643,0.0056145,-0.000382196,-0.556126,0.0045,0.0038,-0.0007,-0.1350,-0.0021914,-0.0024057,-0.000599014,-0.037262
2017-06-30-46,Low,487,1.0662,1.0662,0.0174,32.3681,0.0043,0.004,-0.0002,0.3989,0.0070507,0.0068867,-0.000382673,0.487286,0.0077754,0.0076811,-0.000343628,0.076992,0.0089644,0.0088539,-0.000430638,0.401299,0.0089,0.0087,-0.0004,0.0662,0.0068408,0.0067901,-0.000373559,0.405104
2017-06-30-15,Low,485,1.0743,1.0744,0.0173,32.5697,0.0038,0.0035,-1.00E-04,0.1681,0.0065921,0.0048562,-2.63E-04,0.318549,0.0073983,0.0071505,-0.00031089,0.151537,0.0082062,0.0079083,-0.00033188,0.262951,0.0084,0.0080,-0.0003,0.1560,0.0066475,0.0063631,-0.000268902,0.528988
2017-06-30-14,Low,483,1.0761,1.0762,0.0173,33.0549,0.0042,0.0039,-0.0002,0.1621,0.0066806,0.0064939,-0.000487066,0.32703,0.0069935,0.0067475,-0.000552434,0.05695,0.0068653,0.0066016,-0.000709395,0.219399,0.0039,0.0037,-0.0007,0.2090,-0.0044755,-0.0046111,-0.000709788,0.575282
2017-06-30-17,Low,483,1.0075,1.0032,0.0173,31.4518,0.0021,0.0037,0,-0.033,0.0047658,0.0082325,-6.4553E-05,-0.15131,0.0042421,0.0082434,-0.000352749,0.400091,0.0047899,0.0088008,-0.000161301,0.117732,0.0035,0.0076,-0.0001,-0.0934,-0.0016874,0.0024834,-6.1925E-05,-0.11815
2017-06-30-31,Low,481,1.0635,1.0635,0.0179,32.3936,0.0038,0.0035,-1.00E-04,-0.1342,0.0061967,0.0059771,-2.00E-04,0.03151,0.0076464,0.0074388,-0.000367158,0.051296,0.0087712,0.0085888,-0.000416725,0.06724,0.0096,0.0093,-0.0004,-0.0345,0.007749,0.0075371,-0.000426651,0.078839
2017-06-30-6,Low,480,1.0642,1.0642,0.0172,31.8968,0.0038,0.0033,0,0.154,0.0063818,0.0059044,-0.000206606,0.371672,0.007097,0.0065784,-0.000259352,-0.092328,0.0081876,0.0076845,-0.000433925,0.248011,0.0084,0.0079,-0.0003,-0.0592,0.006545,0.0060672,-0.000328326,0.275738
2017-06-30-38,Low,478,1.0712,1.0714,0.0183,31.6485,0.0036,0.0031,-1.00E-04,0.2518,0.0059992,0.0055873,-2.21E-04,0.350361,0.0074763,0.0070458,-0.000223029,0.134126,0.0088585,0.0084695,-0.000298965,0.323155,0.0101,0.0096,-0.0001,0.1746,0.010065,0.009664,1.9724E-05,0.463879
2017-06-30-12,Low,477,1.068,1.0669,0.0177,33.1258,0.0037,0.0036,-1.00E-04,-0.058,0.0063829,0.0061011,-2.70E-04,0.088551,0.0072143,0.0072302,-0.000330676,-0.111093,0.0076508,0.007712,-0.000401728,-0.014814,0.0072,0.0072,-0.0005,0.0284,0.0025185,0.0026977,-0.000615949,0.280724
2017-06-30-27,Low,471,1.0734,1.0736,0.0181,31.7603,0.0032,0.0029,-0.0001,-0.4924,0.006551,0.0061389,-3.414E-05,-0.368542,0.0080238,0.0077329,-0.000460125,-0.176993,0.0089168,0.0085773,-0.000452855,-0.073206,0.0083,0.0080,-0.0007,-0.1811,0.0039104,0.0036637,-0.000628148,0.049676
2017-06-30-28,Low,468,1.0624,1.0625,0.0177,32.0495,0.0034,0.0031,-1.00E-04,-0.4178,0.0060742,0.0057156,-1.50E-04,-0.251315,0.0077967,0.0074565,-0.000358748,0.010348,0.0086373,0.0082767,-0.000361223,-0.093966,0.0091,0.0084,-0.0004,-0.0133,0.0069567,0.006627,-0.000342686,0.097971
2017-06-30-43,Low,466,1.0746,1.075,0.0174,33.0046,0.0034,0.0031,0,-0.2494,0.0064982,0.0061411,-0.0003074,0.098041,0.0074979,0.0071508,-0.000169608,-0.152848,0.008608,0.0082679,-0.000331705,0.205074,0.0092,0.0088,-0.0002,0.0808,0.008016,0.0077343,-0.000098496,0.342856
2017-06-30-39,Low,465,1.0661,1.066,0.0179,32.01,0.0038,0.0036,-1.00E-04,-0.0512,0.0065807,0.0065291,-2.00E-04,0.077739,0.0077974,0.0077534,-0.000281912,0.010437,0.0086933,0.0085748,-0.000260356,0.201062,0.0096,0.0094,-0.0002,0.0409,0.008522,0.0083778,-8.8659E-05,0.413501
2017-06-30-36,Low,463,1.0651,1.0652,0.0176,33.2481,0.0036,0.0033,-1.00E-04,0.3868,0.0066659,0.0063419,-2.83E-04,0.539213,0.0076148,0.0071691,-0.000404704,0.113501,0.0088135,0.0084669,-0.000557408,0.420586,0.0090,0.0086,-0.0005,0.2596,0.0067495,0.0064277,-0.000517733,0.615792
2017-06-30-44,Low,462,1.0692,1.0694,0.0183,32.8128,0.0044,0.0041,-0.0002,0.0238,0.007782,0.0074204,-0.000362325,0.225558,0.0090987,0.008751,-0.000244315,-0.1051,0.0105926,0.0102422,-0.000279083,0.283327,0.0112,0.0108,-0.0002,0.0904,0.0098776,0.0095267,-8.1969E-05,0.457035
2017-06-30-20,Low,461,1.0454,1.0456,0.0179,32.641,0.0026,0.0028,0,-0.3665,0.0042798,0.004051,-0.000286639,-0.01213,0.003707,0.0036159,-0.000641807,-0.556841,0.0023476,0.0021307,-0.000927603,-0.268842,-0.0024,-0.0026,-0.0013,-0.1809,-0.0125543,-0.0127162,-0.00100593,-0.055919
2017-06-30-26,Low,461,1.0641,1.0642,0.0177,31.061,0.0032,0.0029,0,-0.42,0.0057761,0.0054796,-0.000188114,-0.219894,0.0071485,0.0067999,-0.00034488,-0.339509,0.007827,0.0075217,-0.000509348,-0.568804,0.0073,0.0070,-0.0005,-1.8096,0.0035695,0.0033095,-0.000575414,-1.679237
2017-06-30-40,Low,459,1.0744,1.0741,0.0182,31.9468,0.0041,0.0037,0,-0.0572,0.0077269,0.0076745,-0.000203272,0.042876,0.0097404,0.0097968,-0.000296985,0.035538,0.0110665,0.0111208,-0.000287746,0.214157,0.0123,0.0123,-0.0002,0.0979,0.0119159,0.0120126,4.9137E-05,0.431262
2017-06-30-13,Low,458,1.0676,1.0681,0.0173,33.3156,0.0037,0.0029,-0.0002,0.1455,0.0060918,0.003833,-0.000406185,0.288916,0.0063849,0.0057716,-0.000643627,0.012244,0.006284,0.005694,-0.00087662,0.210071,0.0025,0.0019,-0.0010,0.1495,-0.0075692,-0.0080236,-0.00112305,0.654166
2017-06-30-45,Low,457,1.0665,1.0665,0.0178,32.7124,0.0044,0.0042,-0.0002,0.2853,0.0073072,0.0072777,-0.000351739,0.430972,0.0080265,0.0079487,-0.000242439,0.054561,0.009666,0.0095624,-0.000281349,0.403111,0.0103,0.0102,-0.0001,0.0949,0.0098599,0.009742,2.216E-06,0.515819
2017-06-30-5,Low,444,1.0692,1.0692,0.017,32.8024,0.0037,0.0031,-0.0001,-0.0352,0.0060395,0.0054213,-0.000300656,0.201557,0.0060634,0.0053851,-0.000514039,-0.178572,0.006305,0.0056407,-0.000776497,0.129619,0.0036,0.0030,-0.0009,-0.0943,-0.0041086,-0.0046825,-0.000919106,0.299884
2017-06-30-3,Low,438,1.0709,1.0705,0.0178,33.0384,0.0026,0.0023,1.00E-04,-0.9787,0.0054675,0.0051452,1.16E-04,-0.601216,0.0069636,0.0066496,-0.000191868,-0.414402,0.0080341,0.0076385,-0.000212733,-0.470986,0.0082,0.0079,-0.0003,-0.1871,0.0050984,0.0047671,-0.000137685,-0.071136
2017-06-30-42,Low,429,1.0648,1.0648,0.0179,32.9688,0.0034,0.003,0,-0.3928,0.0067803,0.0065705,4.8806E-05,-0.126763,0.008498,0.0083621,-0.000173672,-0.256438,0.0101098,0.0098968,-0.000136322,0.037558,0.0109,0.0107,-0.0001,0.2336,0.0088984,0.008757,-4.009E-05,0.279037
2017-06-30-47,Low,429,1.0683,1.0682,0.0179,31.9935,0.0043,0.004,-1.00E-04,0.2596,0.0076063,0.0074184,-2.17E-04,0.421099,0.0089098,0.0087889,-0.00027199,0.066437,0.0104399,0.0103116,-0.000261967,0.380347,0.0114,0.0112,-0.0001,0.1465,0.0112197,0.0111667,9.9796E-05,0.637777
2017-06-30-4,Low,335,1.0639,1.0636,0.0171,33.5272,0.003,0.0027,-0.0003,-0.4195,0.004311,0.0039412,-0.000588547,-0.02,0.0046728,0.0041484,-0.000692913,-0.279364,0.0039701,0.0035076,-0.000793127,-0.285763,-0.0008,-0.0013,-0.0011,0.4198,-0.017166,-0.0173262,-0.000607881,0.076866
2017-06-30-1,Low,300,1.0681,1.0676,0.0175,30.3635,0.002,0.0022,0,-1.2029,0.0038097,0.0038829,-1.0811E-05,-0.881731,0.0052572,0.0054203,-0.000556027,-0.340237,0.0040538,0.0040367,-0.000696914,-0.354573,-0.0049,-0.0032,-0.0010,-0.3128,-0.029648,-0.0265064,-0.000207536,0.166909
2017-06-30-16,Low,209,0.9721,0.9738,0.0167,30.2287,-0.0004,-0.0012,0.0002,-0.3081,-0.00202296,-0.00318598,0.000113086,-0.157357,-0.00576905,-0.00707221,1.6938E-05,-0.412624,-0.01166938,-0.01306802,0.000046206,-0.099611,-0.0263,-0.0279,0.0003,-0.4417,-0.04619853,-0.04774022,0.000377602,-0.480084
2017-06-30-2,Low,148,1.0692,1.0687,0.0179,32.6188,0.0029,0.0029,-0.0003,-1.0692,0.0021807,0.002704,-0.000667873,-0.760046,-0.0001689,0.0002027,-0.000650963,-0.216949,-0.0069136,-0.0061632,-0.000644288,-0.668205,-0.0349,-0.0338,-0.0013,0.1628,-0.10086115,-0.0988882,-0.001150838,0.140656
